objectid,title,creator,date,description,subject,location,source,identifier,type,format,language,rights,rightsstatement,display_template,object_location,image_small,image_thumb,image_alt_text
,,,,,,,,,,,,,,,,,,
ecswd_001,"Emma, 1788",,1788,"Emma, at Mother Gray's
 In the middle of me,
 You plainly may see,
 A thing that will suit every man;
 And when you are in it,
 The critical minute,
 Ensure as fast as you can.
A young tit of Mother Gr--y's own
procuring, and that our reader should
not mistake the old abbess, we will give
a short description of her. If you chance
to visit her in the morning, the smell of
yellow usquebaugh will salute your nos-
trils, of which she takes copious draughts
before breakfast. In all her actions she
shews the lewdness of a monkey, and
the letchery of a goat; she has lately
been _fired_ by P----, the French fri-
zeur, but knowing the use of murcury,
she applied it in such a manner that she
procured an effectual salivation, and
enabled her to take into her house the
fame squinting gentleman that present
acts as her _fine man_; she boasts of her
knowledge of great men, and there is
scarce a lord or duke in the land that
has not been her _cull_.
We can but pity our little girl in
question for being so unhappily situated;
she is a charming sprightly lass, and so
fond of kissing, and so perfect a mistress
in the art, that she will frequently force
nature to a dissolving pitch, before the
_right parts_ come in proper contract; her
liveliness of disposition, and activity in
the sports of Venus, make her so desi-
rable a bed-fellow, that her magic _ring_
is as much sought after as the philoso-
pher's stone; has good hair and teeth, a
plump round, firm breast, and confined
merely as an object to sensual desire, pos-
sesses every qualification a sensualift can
desire. She is to be met with every
night at Sterling's, and being newly come
on to the town, and possessing too much
innocence, as well as ignorance, to fight
the world as she ought, she is frequently
bilked; but this there is no doubt she
will soon get the better off, particularly
if she follows the precepts and advice of
the old lady she lives with.
",,"No. 30, Market-Lane, near the Opera House",,,Image;StillImage,image/jpg,eng,,,image,,,,
demo_002,,,,,,,,,Image;StillImage,application/pdf,,,,pdf,,,,
demo_003,,,1947,Example locally hosted audio item. Psychiana radio program episode begins with assurance that there is a Power that can get people what they desire. Robinson then discusses his early life failures and childhood seeking of some force that could turn his failures into success. He asserts the God-Power can turn our failures into success and bring us material and spiritual abundance.,Frank B. Robinson; Failure; Success; Material Abundance,"Moscow, Idaho","Psychiana Digital Collection, Digital Initiatives, University of Idaho Library, https://www.lib.uidaho.edu/digital/psychiana/",Good_News_08,Audio,audio/mpeg,eng,,http://rightsstatements.org/vocab/InC-EDU/1.0/,audio,/objects/demo_003.mp3,/objects/small/demo_003_sm.jpg,/objects/thumbs/demo_003_th.jpg,"portrait of a thoughtful man in a suit, with the text 'the amazing story of Psychiana' in green letters below"
demo_004,,Vandal Athletics,1925-10-30,"Example YouTube video item. Idaho Football vs. University of Southern California 10/30/1925 at Neale Stadium in Moscow, ID. Score: 7 - 51 (L).",American Football,"Moscow, Idaho","Vandal Video Collection, Digital Initiatives, University of Idaho Library, https://www.lib.uidaho.edu/digital/vandalvideo/","MG 23, Item 29",Image;MovingImage,video/mp4,eng,,http://rightsstatements.org/vocab/InC-EDU/1.0/,video,https://youtu.be/CVXQ3X6Q8oU,https://img.youtube.com/vi/CVXQ3X6Q8oU/hqdefault.jpg,https://img.youtube.com/vi/CVXQ3X6Q8oU/mqdefault.jpg,grainy image from historic film depicting fans heading to football game
demo_005,Interview with K. Silem Mohammad,Devin Becker,2014-06-16,Example Vimeo video item. Oral history interview with poet K. Silem Mohammad discussing recent changes in writing practices that occurred due to the advent of the computer and the arrival of the digital age.,Poetry,"Ashland, OR","CTRL+Shift, Center for Digital Inquiry and Learning, University of Idaho Library, https://ctrl-shift.org/",,Image;MovingImage,video/mp4,eng,"In Copyright - Educational Use Permitted. For more information, please contact University of Idaho Library Special Collections and Archives Department at libspec@uidaho.edu.",http://rightsstatements.org/vocab/InC-EDU/1.0/,video,https://vimeo.com/464555587,,,
demo_006,Ford pumper used for slash burning control,"Thompson, J. B.",1932-09-01,Example image item externally hosted. Ford pumper used for slash burning control. September 1932. From the photo series depicting the broadcast burn at the mouth of Benton Creek.,forestry,Bonner County;Priest River Experimental Forest;Benton Creek,"Experimental Forest and Savenac Nursery Archive, Digital Initiatives, University of Idaho Library, https://www.lib.uidaho.edu/digital/expforest/",FirePump1,Image;StillImage,image/jpg,eng,"Material produced by the United States Forest Service and is in Public Domain. For more information, please contact University of Idaho Library Special Collections and Archives Department at libspec@uidaho.edu.",http://rightsstatements.org/vocab/NoC-US/1.0/,image,https://www.lib.uidaho.edu/collectionbuilder/demo-objects/demo_006.jpg,https://www.lib.uidaho.edu/collectionbuilder/demo-objects/small/demo_006_sm.jpg,https://www.lib.uidaho.edu/collectionbuilder/demo-objects/thumbs/demo_006_th.jpg,man standing with pump machinery next to a river with trees and mountains in the distance
demo_007,Influence of Fishway Placement on Fallback of Adult Salmon at the Bonneville Dam on the Columbia River,"Reischel, T.S.; Bjornn, T.C.",2003,Example metadata-only record with link to external source. Journal article.,fisheries management,Bonneville Dam,"North American Journal of Fisheries Management, vol. 23, issue 4, p. 1215-1224. DOI: 10.1577/M02-113",DOI:10.1577/M02-113,Text,application/pdf,eng,"metadata-only record, please check publication for rights",,record,https://www.doi.org/10.1577/M02-113